Dataset,Resample_1,Resample_2,Resample_3,Resample_4,Resample_5,Resample_6,Resample_7,Resample_8,Resample_9,Resample_10,Resample_11,Resample_12,Resample_13,Resample_14,Resample_15,Resample_16,Resample_17,Resample_18,Resample_19,Resample_20,Resample_21,Resample_22,Resample_23,Resample_24,Resample_25,Resample_26,Resample_27,Resample_28,Resample_29,Resample_30,MeanAccuracy
Chinatown,0.9620991253644317,0.979591836734694,0.9737609329446064,0.9591836734693876,0.9650145772594751,0.9620991253644317,0.9446064139941692,0.9620991253644317,0.9708454810495628,0.9650145772594751,0.956268221574344,0.97667638483965,0.9504373177842566,0.979591836734694,0.9650145772594751,0.956268221574344,0.9591836734693876,0.956268221574344,0.9650145772594751,0.9620991253644317,0.9650145772594751,0.956268221574344,0.932944606413994,0.9650145772594751,0.9620991253644317,0.9620991253644317,0.9037900874635568,0.9504373177842566,0.9620991253644317,0.9475218658892128,0.9592808551992226
SmoothSubspace,0.9933333333333332,0.9866666666666668,0.9866666666666668,0.9866666666666668,0.9666666666666668,0.96,0.9866666666666668,0.98,0.98,0.9733333333333334,0.9733333333333334,1.0,0.9733333333333334,0.9933333333333332,0.9866666666666668,0.9933333333333332,0.9933333333333332,0.9733333333333334,0.98,0.9866666666666668,0.9733333333333334,0.98,0.96,0.9733333333333334,0.98,0.9866666666666668,0.9866666666666668,0.98,0.9933333333333332,1.0,0.9822222222222224
Coffee,1.0,1.0,1.0,1.0,1.0,1.0,1.0,1.0,1.0,1.0,1.0,1.0,1.0,1.0,1.0,1.0,1.0,1.0,1.0,1.0,1.0,1.0,1.0,1.0,1.0,1.0,1.0,1.0,1.0,1.0,1.0
BME,1.0,1.0,1.0,1.0,1.0,1.0,1.0,1.0,1.0,1.0,1.0,1.0,1.0,1.0,1.0,1.0,1.0,1.0,1.0,1.0,1.0,1.0,1.0,1.0,1.0,1.0,1.0,1.0,1.0,1.0,1.0
ECG200,0.91,0.94,0.93,0.94,0.9,0.88,0.89,0.84,0.92,0.94,0.94,0.9,0.95,0.89,0.89,0.93,0.85,0.91,0.91,0.94,0.9,0.88,0.89,0.9,0.93,0.94,0.94,0.93,0.95,0.95,0.9136666666666668
BeetleFly,0.9,0.95,0.9,0.95,0.9,0.9,1.0,0.85,0.85,0.95,1.0,0.8,0.9,0.9,0.8,0.9,0.9,0.9,0.9,0.9,0.95,0.9,0.9,0.9,0.85,0.85,0.95,1.0,0.85,0.85,0.9016666666666668
BirdChicken,0.9,0.95,1.0,0.9,0.95,0.85,1.0,0.9,1.0,0.9,0.95,0.9,0.85,0.85,0.85,0.9,0.9,0.9,1.0,1.0,0.95,0.85,0.8,0.95,0.85,0.9,0.95,0.9,0.9,0.95,0.9149999999999998
PowerCons,0.9555555555555556,0.9777777777777776,0.9833333333333332,0.9888888888888888,0.95,0.9944444444444444,0.9777777777777776,0.9888888888888888,0.9666666666666668,0.9388888888888888,0.9611111111111112,0.9666666666666668,0.9944444444444444,0.9777777777777776,1.0,0.9722222222222222,0.9666666666666668,1.0,0.9555555555555556,0.9944444444444444,0.9666666666666668,0.9833333333333332,0.9777777777777776,0.9888888888888888,0.9722222222222222,0.9555555555555556,0.9722222222222222,0.9833333333333332,0.9722222222222222,0.95,0.9744444444444444
UMD,0.9583333333333334,0.9930555555555556,0.9375,0.9930555555555556,0.9722222222222222,0.9652777777777778,0.9791666666666666,0.9930555555555556,0.9930555555555556,0.8958333333333334,1.0,0.9930555555555556,0.9930555555555556,0.9930555555555556,0.9930555555555556,0.9930555555555556,0.9861111111111112,0.9930555555555556,0.9652777777777778,0.9930555555555556,0.9930555555555556,0.9930555555555556,0.9444444444444444,0.9930555555555556,0.9930555555555556,0.8541666666666666,0.9791666666666666,0.9930555555555556,1.0,0.9861111111111112,0.9770833333333336
ItalyPowerDemand,0.9650145772594751,0.9659863945578232,0.9552964042759962,0.9718172983479106,0.9718172983479106,0.9727891156462584,0.9689018464528668,0.957240038872692,0.9708454810495628,0.9630709426627794,0.9689018464528668,0.967930029154519,0.9620991253644317,0.9718172983479106,0.9620991253644317,0.9407191448007776,0.9689018464528668,0.9718172983479106,0.9650145772594751,0.956268221574344,0.9630709426627794,0.9698736637512148,0.967930029154519,0.9708454810495628,0.9708454810495628,0.9620991253644317,0.9689018464528668,0.9689018464528668,0.9689018464528668,0.9620991253644317,0.9657272432782634
Wine,0.9629629629629628,0.9444444444444444,0.9074074074074074,0.925925925925926,0.8888888888888888,0.925925925925926,0.8703703703703703,1.0,1.0,0.8703703703703703,0.925925925925926,0.925925925925926,1.0,0.9444444444444444,1.0,0.8518518518518519,0.9444444444444444,0.9444444444444444,0.8703703703703703,0.8333333333333334,0.925925925925926,0.8888888888888888,0.925925925925926,0.9074074074074074,0.8888888888888888,0.9074074074074074,0.925925925925926,0.9444444444444444,0.8703703703703703,0.9814814814814816,0.9234567901234568
Beef,0.8333333333333334,0.7,0.9333333333333332,0.7666666666666667,0.7,0.7,0.7,0.8666666666666667,0.6,0.6666666666666666,0.8666666666666667,0.6333333333333333,0.8333333333333334,0.7666666666666667,0.7333333333333333,0.7666666666666667,0.8,0.8,0.6,0.8,0.6666666666666666,0.7666666666666667,0.7666666666666667,0.8,0.8,0.8,0.8,0.7333333333333333,0.8,0.6666666666666666,0.7555555555555558
GunPoint,1.0,0.9933333333333332,0.9933333333333332,0.9933333333333332,0.9866666666666668,1.0,0.9933333333333332,1.0,0.9933333333333332,0.9933333333333332,1.0,1.0,1.0,1.0,1.0,0.9933333333333332,1.0,0.9866666666666668,0.9933333333333332,0.9933333333333332,1.0,1.0,1.0,1.0,0.9933333333333332,0.9933333333333332,0.9933333333333332,1.0,1.0,1.0,0.9964444444444444
Plane,1.0,1.0,1.0,1.0,1.0,1.0,1.0,1.0,1.0,1.0,1.0,1.0,1.0,1.0,1.0,1.0,1.0,1.0,1.0,1.0,1.0,1.0,1.0,1.0,1.0,1.0,1.0,1.0,1.0,1.0,1.0
OliveOil,0.8,0.9666666666666668,0.9333333333333332,0.9666666666666668,0.8666666666666667,0.8,0.9333333333333332,0.8666666666666667,0.9,0.9,0.9666666666666668,0.8666666666666667,0.9,0.9,0.8666666666666667,0.8333333333333334,0.9,0.8666666666666667,0.9333333333333332,0.9,0.8666666666666667,0.8333333333333334,0.9666666666666668,0.9666666666666668,0.9666666666666668,0.8,0.8333333333333334,0.8666666666666667,0.7666666666666667,0.8333333333333334,0.8855555555555554
SyntheticControl,0.9966666666666668,0.99,0.9933333333333332,0.99,0.9933333333333332,0.9933333333333332,0.99,0.9966666666666668,0.9933333333333332,0.9966666666666668,0.9966666666666668,0.99,0.99,0.9933333333333332,0.9933333333333332,1.0,0.9866666666666668,0.99,0.9966666666666668,0.98,0.9966666666666668,0.9933333333333332,0.9933333333333332,0.9966666666666668,0.9866666666666668,0.9933333333333332,0.9966666666666668,0.9933333333333332,0.9966666666666668,0.9933333333333332,0.993
FaceFour,0.9545454545454546,0.8522727272727273,0.9431818181818182,0.9090909090909092,0.9431818181818182,0.7840909090909091,0.9318181818181818,0.9545454545454546,0.9772727272727272,0.875,0.9431818181818182,0.9431818181818182,0.9090909090909092,0.9318181818181818,0.9886363636363636,0.9090909090909092,0.9204545454545454,0.9659090909090908,0.9886363636363636,0.875,0.9090909090909092,0.9318181818181818,0.8181818181818182,0.875,0.9772727272727272,0.9545454545454546,0.9318181818181818,0.9204545454545454,0.9431818181818182,0.9886363636363636,0.925
DistalPhalanxOutlineAgeGroup,0.8201438848920863,0.8489208633093526,0.8561151079136691,0.7985611510791367,0.8633093525179856,0.7697841726618705,0.8201438848920863,0.7913669064748201,0.8273381294964028,0.8489208633093526,0.7769784172661871,0.7913669064748201,0.8057553956834532,0.8633093525179856,0.8201438848920863,0.8201438848920863,0.8201438848920863,0.841726618705036,0.8273381294964028,0.8633093525179856,0.7985611510791367,0.8561151079136691,0.8848920863309353,0.8345323741007195,0.8561151079136691,0.7697841726618705,0.8848920863309353,0.8345323741007195,0.7985611510791367,0.841726618705036,0.8278177458033574
DistalPhalanxTW,0.7697841726618705,0.7122302158273381,0.7194244604316546,0.7769784172661871,0.8129496402877698,0.7553956834532374,0.7841726618705036,0.7769784172661871,0.7410071942446043,0.8129496402877698,0.7769784172661871,0.7266187050359713,0.7769784172661871,0.7338129496402878,0.7985611510791367,0.7266187050359713,0.7913669064748201,0.7769784172661871,0.7913669064748201,0.762589928057554,0.7841726618705036,0.7697841726618705,0.7769784172661871,0.762589928057554,0.7553956834532374,0.7338129496402878,0.7913669064748201,0.762589928057554,0.7985611510791367,0.762589928057554,0.7673860911270985
MiddlePhalanxTW,0.6493506493506493,0.5909090909090909,0.6363636363636364,0.564935064935065,0.6168831168831169,0.5844155844155844,0.551948051948052,0.564935064935065,0.6038961038961039,0.6168831168831169,0.5909090909090909,0.5844155844155844,0.6168831168831169,0.577922077922078,0.5844155844155844,0.6038961038961039,0.6233766233766234,0.5909090909090909,0.538961038961039,0.6168831168831169,0.6298701298701299,0.5909090909090909,0.5584415584415584,0.6038961038961039,0.6168831168831169,0.6298701298701299,0.6363636363636364,0.5974025974025974,0.5844155844155844,0.6168831168831169,0.5991341991341991
SonyAIBORobotSurface1,0.8885191347753744,0.9683860232945092,0.9700499168053244,0.9717138103161398,0.9816971713810316,0.9750415973377704,0.9584026622296172,0.961730449251248,0.966722129783694,0.9717138103161398,0.9883527454242927,0.9833610648918468,0.9550748752079868,0.9866888519134775,0.9733777038269552,0.961730449251248,0.9816971713810316,0.9750415973377704,0.9733777038269552,0.956738768718802,0.9717138103161398,0.9633943427620631,0.966722129783694,0.9650582362728786,0.9733777038269552,0.9733777038269552,0.9584026622296172,0.9584026622296172,0.9683860232945092,0.9866888519134775,0.9678313921242374
MiddlePhalanxOutlineAgeGroup,0.7532467532467533,0.7532467532467533,0.7272727272727273,0.7402597402597403,0.7662337662337663,0.7402597402597403,0.7857142857142857,0.7792207792207793,0.6753246753246753,0.7532467532467533,0.7207792207792207,0.7207792207792207,0.7142857142857143,0.7597402597402597,0.7272727272727273,0.7467532467532467,0.7597402597402597,0.7207792207792207,0.7532467532467533,0.7207792207792207,0.7857142857142857,0.7012987012987013,0.7532467532467533,0.7272727272727273,0.7142857142857143,0.7402597402597403,0.7402597402597403,0.7792207792207793,0.7792207792207793,0.7142857142857143,0.741774891774892
Lightning7,0.8493150684931506,0.8904109589041096,0.7397260273972602,0.7945205479452054,0.863013698630137,0.7945205479452054,0.8082191780821918,0.7945205479452054,0.7945205479452054,0.7945205479452054,0.7534246575342466,0.8356164383561644,0.6986301369863014,0.8082191780821918,0.7945205479452054,0.8082191780821918,0.8356164383561644,0.7671232876712328,0.8356164383561644,0.8082191780821918,0.8082191780821918,0.7808219178082192,0.863013698630137,0.8082191780821918,0.7397260273972602,0.821917808219178,0.7671232876712328,0.7534246575342466,0.863013698630137,0.8082191780821918,0.8027397260273972
ProximalPhalanxOutlineAgeGroup,0.8341463414634146,0.7902439024390244,0.8439024390243902,0.824390243902439,0.8634146341463415,0.848780487804878,0.8,0.8292682926829268,0.775609756097561,0.8292682926829268,0.848780487804878,0.8146341463414634,0.8292682926829268,0.824390243902439,0.8439024390243902,0.7853658536585366,0.848780487804878,0.8585365853658536,0.8585365853658536,0.8390243902439024,0.824390243902439,0.7853658536585366,0.8585365853658536,0.8195121951219512,0.8682926829268293,0.8390243902439024,0.8,0.8195121951219512,0.8146341463414634,0.8048780487804879,0.827479674796748
ProximalPhalanxTW,0.8195121951219512,0.8146341463414634,0.8146341463414634,0.8,0.7951219512195122,0.8,0.8292682926829268,0.824390243902439,0.8341463414634146,0.7902439024390244,0.8195121951219512,0.8195121951219512,0.848780487804878,0.8439024390243902,0.8146341463414634,0.8097560975609757,0.7804878048780488,0.8,0.8048780487804879,0.8439024390243902,0.8390243902439024,0.848780487804878,0.8390243902439024,0.8097560975609757,0.8341463414634146,0.7707317073170732,0.8341463414634146,0.8146341463414634,0.7902439024390244,0.8195121951219512,0.8169105691056912
ArrowHead,0.8685714285714285,0.8971428571428571,0.9314285714285714,0.92,0.88,0.8628571428571429,0.8971428571428571,0.9371428571428572,0.8571428571428571,0.8457142857142858,0.7485714285714286,0.9028571428571428,0.8857142857142857,0.9542857142857144,0.8228571428571428,0.8514285714285714,0.8685714285714285,0.8114285714285714,0.8742857142857143,0.9371428571428572,0.84,0.8628571428571429,0.8,0.84,0.8457142857142858,0.9028571428571428,0.8857142857142857,0.9142857142857144,0.88,0.9142857142857144,0.8746666666666667
Trace,1.0,1.0,1.0,1.0,1.0,1.0,1.0,1.0,1.0,1.0,1.0,1.0,1.0,1.0,1.0,1.0,1.0,1.0,1.0,1.0,1.0,1.0,1.0,1.0,1.0,1.0,1.0,1.0,1.0,1.0,1.0
Meat,0.9666666666666668,0.9666666666666668,1.0,0.9833333333333332,1.0,1.0,0.9833333333333332,1.0,1.0,0.9666666666666668,0.9833333333333332,1.0,1.0,1.0,1.0,1.0,1.0,0.95,1.0,0.9833333333333332,1.0,0.9833333333333332,0.9666666666666668,0.9666666666666668,0.9833333333333332,0.9666666666666668,1.0,0.9666666666666668,0.9833333333333332,0.9666666666666668,0.9855555555555556
ToeSegmentation2,0.9384615384615383,0.9307692307692308,0.8615384615384616,0.9769230769230768,0.8769230769230769,0.9,0.9307692307692308,0.8692307692307693,0.8692307692307693,0.9230769230769232,0.9769230769230768,0.9384615384615383,0.9153846153846154,0.9230769230769232,0.9076923076923076,0.8538461538461538,0.8538461538461538,0.9,0.9153846153846154,0.953846153846154,0.9230769230769232,0.9076923076923076,0.9692307692307692,0.9384615384615383,0.8923076923076924,0.8615384615384616,0.946153846153846,0.9,0.9153846153846154,0.9230769230769232,0.913076923076923
GunPointAgeSpan,0.990506329113924,0.9968354430379748,1.0,0.9841772151898734,1.0,0.9936708860759492,0.9873417721518988,0.9968354430379748,1.0,0.9936708860759492,0.9936708860759492,0.9778481012658228,0.9968354430379748,0.990506329113924,1.0,1.0,0.9968354430379748,1.0,1.0,0.9968354430379748,0.9841772151898734,0.9968354430379748,0.9968354430379748,1.0,1.0,1.0,0.990506329113924,1.0,1.0,1.0,0.995464135021097
GunPointMaleVersusFemale,1.0,1.0,1.0,1.0,1.0,1.0,1.0,1.0,1.0,0.9968354430379748,1.0,1.0,1.0,1.0,0.9936708860759492,0.990506329113924,1.0,0.9968354430379748,1.0,1.0,1.0,1.0,1.0,0.9968354430379748,1.0,1.0,1.0,1.0,1.0,0.9968354430379748,0.9990506329113924
GunPointOldVersusYoung,1.0,1.0,1.0,1.0,1.0,1.0,1.0,1.0,1.0,1.0,1.0,1.0,1.0,1.0,1.0,1.0,1.0,1.0,1.0,1.0,1.0,1.0,1.0,1.0,1.0,1.0,1.0,1.0,1.0,1.0,1.0
Herring,0.671875,0.625,0.53125,0.625,0.578125,0.65625,0.59375,0.578125,0.625,0.671875,0.59375,0.65625,0.640625,0.65625,0.59375,0.671875,0.6875,0.6875,0.609375,0.59375,0.671875,0.625,0.59375,0.59375,0.546875,0.625,0.5625,0.65625,0.625,0.546875,0.6197916666666666
SonyAIBORobotSurface2,0.9517313746065058,0.9454354669464848,0.9412381951731374,0.9517313746065058,0.9580272822665268,0.9202518363064008,0.9517313746065058,0.9454354669464848,0.931794333683106,0.8950682056663168,0.9548793284365162,0.8940188877229801,0.9412381951731374,0.95697796432319,0.9223504721930744,0.9601259181532004,0.9716684155299056,0.8824763903462749,0.9779643231899264,0.944386149003148,0.9359916054564532,0.931794333683106,0.9758656873032528,0.9233997901364114,0.9349422875131164,0.9338929695697796,0.9475341028331584,0.925498426023085,0.962224554039874,0.9108079748163692,0.9393494228751312
Car,0.95,0.9,0.9333333333333332,0.8666666666666667,0.9,0.9333333333333332,0.9333333333333332,0.9333333333333332,0.9,0.9333333333333332,0.9333333333333332,0.9333333333333332,0.9166666666666666,0.9666666666666668,0.95,0.8833333333333333,0.9666666666666668,0.9333333333333332,0.95,0.9333333333333332,0.9333333333333332,0.9166666666666666,0.9666666666666668,0.9333333333333332,0.9333333333333332,0.9666666666666668,0.9166666666666666,0.9166666666666666,0.9166666666666666,0.9333333333333332,0.9294444444444444
DistalPhalanxOutlineCorrect,0.8478260869565217,0.8478260869565217,0.8514492753623188,0.8442028985507246,0.8586956521739131,0.8369565217391305,0.8405797101449275,0.8586956521739131,0.8659420289855072,0.8333333333333334,0.8442028985507246,0.8405797101449275,0.8333333333333334,0.8405797101449275,0.8333333333333334,0.8695652173913043,0.8079710144927537,0.8405797101449275,0.8478260869565217,0.8152173913043478,0.8333333333333334,0.8478260869565217,0.8297101449275363,0.8659420289855072,0.8514492753623188,0.8333333333333334,0.8442028985507246,0.8586956521739131,0.8442028985507246,0.8695652173913043,0.8445652173913044
MiddlePhalanxOutlineCorrect,0.8831615120274914,0.8694158075601375,0.8591065292096219,0.872852233676976,0.8694158075601375,0.8556701030927835,0.8694158075601375,0.8694158075601375,0.865979381443299,0.8797250859106529,0.8487972508591065,0.8350515463917526,0.8762886597938144,0.8934707903780069,0.8556701030927835,0.8591065292096219,0.8419243986254296,0.852233676975945,0.8831615120274914,0.845360824742268,0.8625429553264605,0.8797250859106529,0.8556701030927835,0.865979381443299,0.8625429553264605,0.8384879725085911,0.8487972508591065,0.865979381443299,0.852233676975945,0.8384879725085911,0.8618556701030928
ProximalPhalanxOutlineCorrect,0.9209621993127148,0.9347079037800688,0.8797250859106529,0.9106529209621992,0.9140893470790378,0.9209621993127148,0.8797250859106529,0.8934707903780069,0.8969072164948454,0.9106529209621992,0.8831615120274914,0.8900343642611683,0.9003436426116839,0.9072164948453608,0.9072164948453608,0.9243986254295532,0.9106529209621992,0.8762886597938144,0.9140893470790378,0.9347079037800688,0.9072164948453608,0.9175257731958762,0.9175257731958762,0.8969072164948454,0.9278350515463918,0.8831615120274914,0.872852233676976,0.8934707903780069,0.9072164948453608,0.9037800687285223,0.904581901489118
ToeSegmentation1,0.8903508771929824,0.925438596491228,0.9342105263157896,0.956140350877193,0.956140350877193,0.9166666666666666,0.9210526315789472,0.9429824561403508,0.8991228070175439,0.9298245614035088,0.8903508771929824,0.925438596491228,0.9342105263157896,0.9385964912280702,0.8903508771929824,0.9342105263157896,0.925438596491228,0.9035087719298246,0.9473684210526316,0.9298245614035088,0.8903508771929824,0.9342105263157896,0.9473684210526316,0.9298245614035088,0.9429824561403508,0.8947368421052632,0.9473684210526316,0.9342105263157896,0.8640350877192983,0.9342105263157896,0.9236842105263158
Lightning2,0.6885245901639344,0.8524590163934426,0.7704918032786885,0.7540983606557377,0.7540983606557377,0.819672131147541,0.8032786885245902,0.7377049180327869,0.819672131147541,0.7540983606557377,0.8032786885245902,0.6885245901639344,0.7868852459016393,0.7704918032786885,0.7868852459016393,0.819672131147541,0.7377049180327869,0.7540983606557377,0.7868852459016393,0.7540983606557377,0.7213114754098361,0.8032786885245902,0.7540983606557377,0.7540983606557377,0.8360655737704918,0.7540983606557377,0.7540983606557377,0.8032786885245902,0.7049180327868853,0.7704918032786885,0.7699453551912568
Ham,0.8761904761904762,0.8285714285714286,0.819047619047619,0.8476190476190476,0.8571428571428571,0.8,0.8380952380952381,0.8761904761904762,0.8857142857142857,0.819047619047619,0.8571428571428571,0.8761904761904762,0.8380952380952381,0.8666666666666667,0.8095238095238095,0.8761904761904762,0.8476190476190476,0.8666666666666667,0.819047619047619,0.8285714285714286,0.8285714285714286,0.8571428571428571,0.8666666666666667,0.8666666666666667,0.7619047619047619,0.9142857142857144,0.8666666666666667,0.8571428571428571,0.8571428571428571,0.8571428571428571,0.8488888888888889
TwoLeadECG,0.9973661106233538,0.9973661106233538,1.0,0.9947322212467076,0.9982440737489026,0.9991220368744512,0.9991220368744512,0.9991220368744512,0.9982440737489026,0.9991220368744512,0.9964881474978052,0.9991220368744512,0.9991220368744512,0.990342405618964,0.9991220368744512,0.9991220368744512,0.9991220368744512,0.9991220368744512,0.9982440737489026,0.9982440737489026,0.9964881474978052,1.0,0.9991220368744512,0.9982440737489026,0.9982440737489026,1.0,0.9991220368744512,0.9982440737489026,0.9982440737489026,0.9947322212467076,0.9980977465613112
ShapeletSim,1.0,1.0,1.0,1.0,1.0,1.0,1.0,1.0,0.9944444444444444,1.0,1.0,1.0,1.0,1.0,1.0,1.0,1.0,0.9944444444444444,1.0,0.9777777777777776,1.0,1.0,1.0,1.0,1.0,1.0,1.0,1.0,1.0,1.0,0.9988888888888888
MoteStrain,0.853035143769968,0.9137380191693292,0.9480830670926518,0.7899361022364217,0.8099041533546326,0.9233226837060704,0.8674121405750799,0.922523961661342,0.902555910543131,0.9321086261980832,0.8035143769968051,0.9009584664536742,0.8769968051118211,0.7843450479233227,0.8706070287539937,0.8945686900958466,0.9456869009584664,0.8746006389776357,0.9129392971246006,0.8961661341853036,0.9009584664536742,0.90814696485623,0.9129392971246006,0.90814696485623,0.9257188498402557,0.8346645367412141,0.9257188498402557,0.9073482428115016,0.9281150159744408,0.9313099041533548,0.8902023429179978
DiatomSizeReduction,0.8758169934640523,0.9738562091503268,0.9705882352941176,0.9509803921568628,0.9869281045751634,0.9836601307189542,0.937908496732026,0.977124183006536,0.9738562091503268,0.9705882352941176,0.9477124183006536,0.9836601307189542,0.937908496732026,0.9836601307189542,0.9836601307189542,0.6666666666666666,0.9738562091503268,0.9869281045751634,0.9869281045751634,0.9803921568627452,0.9705882352941176,0.9836601307189542,0.8888888888888888,0.9836601307189542,0.9803921568627452,0.9575163398692812,0.9869281045751634,0.8594771241830066,0.9836601307189542,0.977124183006536,0.9534858387799564
InsectEPGSmallTrain,1.0,0.8192771084337349,1.0,1.0,1.0,1.0,1.0,1.0,1.0,0.9959839357429718,1.0,0.9919678714859438,1.0,0.9959839357429718,1.0,1.0,0.9959839357429718,0.9919678714859438,1.0,0.8714859437751004,1.0,0.9437751004016064,1.0,0.9959839357429718,0.9919678714859438,1.0,0.8192771084337349,0.9959839357429718,0.9919678714859438,1.0,0.9800535475234268
MedicalImages,0.7986842105263158,0.7960526315789473,0.8197368421052632,0.7921052631578948,0.8105263157894737,0.7855263157894737,0.7868421052631579,0.7947368421052632,0.8026315789473685,0.7973684210526316,0.7934210526315789,0.8118421052631579,0.7986842105263158,0.8210526315789474,0.8013157894736842,0.7842105263157895,0.7973684210526316,0.8026315789473685,0.8276315789473684,0.8118421052631579,0.8065789473684211,0.7947368421052632,0.8223684210526315,0.8026315789473685,0.8039473684210526,0.8092105263157895,0.8092105263157895,0.8,0.7881578947368421,0.8052631578947368,0.8025438596491229
CBF,0.9922222222222222,0.9733333333333334,1.0,0.9766666666666668,0.9844444444444445,0.9944444444444444,0.9988888888888888,0.9855555555555556,1.0,0.9855555555555556,0.9966666666666668,0.9877777777777778,0.99,0.9966666666666668,0.9677777777777776,0.9944444444444444,0.9888888888888888,0.9733333333333334,0.9655555555555556,0.9777777777777776,0.9933333333333332,0.9955555555555556,0.9966666666666668,0.9944444444444444,0.9933333333333332,0.95,0.97,0.9955555555555556,0.9922222222222222,0.9822222222222222,0.9864444444444443
HouseTwenty,0.9747899159663864,0.9831932773109244,0.9747899159663864,0.9327731092436976,0.957983193277311,0.9831932773109244,0.9747899159663864,0.9915966386554622,0.9831932773109244,0.9831932773109244,0.9915966386554622,0.9663865546218487,0.9915966386554622,0.9747899159663864,0.9663865546218487,0.9747899159663864,0.9915966386554622,0.9831932773109244,0.9915966386554622,0.9663865546218487,0.9915966386554622,0.9831932773109244,0.9747899159663864,0.9915966386554622,0.9831932773109244,0.9747899159663864,0.9831932773109244,0.9831932773109244,0.9831932773109244,0.9831932773109244,0.9789915966386556
ECGFiveDays,1.0,0.9709639953542392,0.9988385598141696,0.9442508710801394,0.959349593495935,0.989547038327526,0.9907084785133564,1.0,1.0,0.9988385598141696,1.0,0.9814169570267132,1.0,0.9907084785133564,0.9454123112659698,0.9465737514518002,1.0,1.0,0.9872241579558652,0.9988385598141696,1.0,0.9930313588850174,0.9883855981416956,0.9976771196283392,1.0,0.9988385598141696,0.9965156794425089,1.0,0.9988385598141696,0.9860627177700348,0.9887340301974452
Rock,0.82,0.88,0.96,0.8,0.68,0.78,0.84,0.58,0.76,0.7,0.84,0.88,0.92,0.98,0.88,0.74,0.88,0.86,0.88,0.8,0.82,0.88,0.9,0.84,0.84,0.84,0.92,0.78,0.86,0.74,0.8293333333333333
InsectEPGRegularTrain,1.0,1.0,1.0,1.0,1.0,1.0,1.0,1.0,1.0,1.0,1.0,1.0,1.0,1.0,1.0,1.0,1.0,1.0,1.0,1.0,1.0,1.0,1.0,1.0,1.0,1.0,1.0,1.0,1.0,1.0,1.0
Adiac,0.8465473145780051,0.7953964194373402,0.8184143222506394,0.8491048593350383,0.7953964194373402,0.8005115089514067,0.8158567774936062,0.8132992327365729,0.8312020460358056,0.8312020460358056,0.8209718670076727,0.8235294117647058,0.8337595907928389,0.8260869565217391,0.8235294117647058,0.8158567774936062,0.8158567774936062,0.8542199488491049,0.7851662404092071,0.8132992327365729,0.8209718670076727,0.80306905370844,0.8312020460358056,0.8542199488491049,0.8235294117647058,0.8132992327365729,0.8516624040920716,0.8107416879795396,0.8235294117647058,0.8363171355498721,0.8225916453537937
SwedishLeaf,0.968,0.9792,0.9616,0.9776,0.9584,0.976,0.9728,0.976,0.9744,0.9808,0.9616,0.9824,0.9728,0.9744,0.9696,0.9728,0.9776,0.9696,0.9696,0.976,0.9712,0.976,0.9776,0.9696,0.9632,0.9696,0.968,0.968,0.9744,0.984,0.9724266666666668
Fish,0.96,0.9942857142857144,0.9885714285714284,0.96,0.9828571428571428,0.9885714285714284,0.96,0.9942857142857144,0.9828571428571428,0.9714285714285714,0.9942857142857144,0.9657142857142856,0.9828571428571428,0.9828571428571428,0.9771428571428572,0.9714285714285714,0.9828571428571428,0.9714285714285714,0.9885714285714284,0.9714285714285714,0.9885714285714284,0.9828571428571428,0.9942857142857144,0.9828571428571428,0.96,0.9885714285714284,1.0,0.9828571428571428,0.9657142857142856,0.9885714285714284,0.9801904761904764
OSULeaf,0.9710743801652892,0.9669421487603306,0.9669421487603306,0.9710743801652892,0.9710743801652892,0.9669421487603306,0.9545454545454546,0.9669421487603306,0.9669421487603306,0.9669421487603306,0.9586776859504132,0.962809917355372,0.9710743801652892,0.9462809917355371,0.962809917355372,0.962809917355372,0.9710743801652892,0.9669421487603306,0.9710743801652892,0.975206611570248,0.9132231404958676,0.9710743801652892,0.9545454545454546,0.9710743801652892,0.9669421487603306,0.950413223140496,0.962809917355372,0.975206611570248,0.9793388429752066,0.950413223140496,0.9637741046831958
PhalangesOutlinesCorrect,0.8508158508158508,0.8682983682983683,0.8508158508158508,0.8694638694638694,0.844988344988345,0.8554778554778555,0.8624708624708625,0.8741258741258742,0.8589743589743589,0.8601398601398601,0.8589743589743589,0.8531468531468531,0.8473193473193473,0.8601398601398601,0.8846153846153846,0.865967365967366,0.8566433566433567,0.8496503496503497,0.8426573426573427,0.8706293706293706,0.8531468531468531,0.8741258741258742,0.8601398601398601,0.865967365967366,0.8554778554778555,0.8484848484848485,0.8368298368298368,0.8484848484848485,0.8531468531468531,0.837995337995338,0.8573038073038072
Worms,0.7272727272727273,0.7532467532467533,0.7142857142857143,0.6363636363636364,0.7792207792207793,0.8181818181818182,0.6753246753246753,0.7012987012987013,0.6753246753246753,0.7662337662337663,0.7792207792207793,0.7532467532467533,0.7402597402597403,0.8571428571428571,0.7272727272727273,0.7142857142857143,0.7402597402597403,0.7272727272727273,0.7272727272727273,0.7662337662337663,0.7662337662337663,0.7142857142857143,0.8051948051948052,0.6883116883116883,0.7402597402597403,0.7662337662337663,0.7012987012987013,0.6363636363636364,0.7662337662337663,0.6493506493506493,0.733766233766234
WormsTwoClass,0.8051948051948052,0.8571428571428571,0.7792207792207793,0.7532467532467533,0.8181818181818182,0.935064935064935,0.7662337662337663,0.7532467532467533,0.7662337662337663,0.8181818181818182,0.8441558441558441,0.8181818181818182,0.7662337662337663,0.8571428571428571,0.8181818181818182,0.7402597402597403,0.8051948051948052,0.7922077922077922,0.7792207792207793,0.7532467532467533,0.8181818181818182,0.8441558441558441,0.8051948051948052,0.8051948051948052,0.7402597402597403,0.8311688311688312,0.7922077922077922,0.7792207792207793,0.8311688311688312,0.7792207792207793,0.8017316017316019
CricketY,0.8179487179487179,0.8461538461538461,0.8205128205128205,0.8076923076923077,0.8461538461538461,0.8461538461538461,0.8564102564102564,0.8692307692307693,0.8,0.8384615384615385,0.8358974358974359,0.8358974358974359,0.823076923076923,0.8512820512820513,0.8256410256410256,0.882051282051282,0.782051282051282,0.8333333333333334,0.8487179487179487,0.8179487179487179,0.8128205128205128,0.8641025641025641,0.8589743589743589,0.8384615384615385,0.8358974358974359,0.841025641025641,0.8538461538461538,0.8641025641025641,0.8692307692307693,0.841025641025641,0.8388034188034188
Strawberry,0.981081081081081,0.9675675675675676,0.9783783783783784,0.9837837837837838,0.9756756756756756,0.981081081081081,0.9837837837837838,0.991891891891892,0.9891891891891892,0.9783783783783784,0.9648648648648648,0.9783783783783784,0.9864864864864864,0.972972972972973,0.981081081081081,0.981081081081081,0.981081081081081,0.9837837837837838,0.9783783783783784,0.9756756756756756,0.972972972972973,0.9864864864864864,0.9756756756756756,0.972972972972973,0.972972972972973,0.9783783783783784,0.9837837837837838,0.9783783783783784,0.9783783783783784,0.9837837837837838,0.9792792792792792
CricketX,0.8435897435897436,0.841025641025641,0.8307692307692308,0.8025641025641026,0.841025641025641,0.8692307692307693,0.8487179487179487,0.8666666666666667,0.8256410256410256,0.8538461538461538,0.8358974358974359,0.8589743589743589,0.8256410256410256,0.8461538461538461,0.8307692307692308,0.8435897435897436,0.8615384615384616,0.8461538461538461,0.8282051282051283,0.8358974358974359,0.8358974358974359,0.8358974358974359,0.8615384615384616,0.8538461538461538,0.8076923076923077,0.8307692307692308,0.8512820512820513,0.8538461538461538,0.8153846153846154,0.8153846153846154,0.83991452991453
CricketZ,0.8564102564102564,0.8205128205128205,0.8641025641025641,0.841025641025641,0.841025641025641,0.8282051282051283,0.8333333333333334,0.8461538461538461,0.8487179487179487,0.8256410256410256,0.8692307692307693,0.8256410256410256,0.8256410256410256,0.8435897435897436,0.8282051282051283,0.8333333333333334,0.8384615384615385,0.8615384615384616,0.8256410256410256,0.8538461538461538,0.8487179487179487,0.8358974358974359,0.8205128205128205,0.8435897435897436,0.8358974358974359,0.8358974358974359,0.8564102564102564,0.8358974358974359,0.8025641025641026,0.8384615384615385,0.8388034188034188
WordSynonyms,0.7727272727272727,0.7664576802507836,0.7789968652037618,0.7507836990595611,0.7398119122257053,0.780564263322884,0.774294670846395,0.7931034482758621,0.7539184952978056,0.7476489028213166,0.7539184952978056,0.780564263322884,0.7335423197492164,0.7852664576802508,0.7539184952978056,0.7586206896551724,0.774294670846395,0.8087774294670846,0.7539184952978056,0.7586206896551724,0.7852664576802508,0.7601880877742947,0.7978056426332288,0.7492163009404389,0.780564263322884,0.7335423197492164,0.731974921630094,0.786833855799373,0.7978056426332288,0.7836990595611285,0.7675548589341693
Earthquakes,0.7913669064748201,0.7841726618705036,0.7769784172661871,0.7697841726618705,0.7913669064748201,0.7553956834532374,0.7553956834532374,0.8273381294964028,0.7482014388489209,0.7482014388489209,0.8129496402877698,0.8129496402877698,0.7841726618705036,0.7769784172661871,0.8057553956834532,0.762589928057554,0.7697841726618705,0.8057553956834532,0.7841726618705036,0.7338129496402878,0.7410071942446043,0.7913669064748201,0.7553956834532374,0.7410071942446043,0.8201438848920863,0.697841726618705,0.7410071942446043,0.8057553956834532,0.762589928057554,0.8057553956834532,0.7752997601918464
FiftyWords,0.8,0.8087912087912088,0.8175824175824176,0.8351648351648352,0.8263736263736263,0.8087912087912088,0.7824175824175824,0.8021978021978022,0.7714285714285715,0.8395604395604396,0.8175824175824176,0.8351648351648352,0.8219780219780219,0.810989010989011,0.8,0.8021978021978022,0.7912087912087912,0.8263736263736263,0.8417582417582418,0.8043956043956044,0.8527472527472527,0.8307692307692308,0.8285714285714286,0.8395604395604396,0.8065934065934066,0.8527472527472527,0.8373626373626374,0.8395604395604396,0.8285714285714286,0.8219780219780219,0.8194139194139196
ACSF1,0.81,0.81,0.83,0.72,0.83,0.77,0.84,0.81,0.85,0.85,0.87,0.81,0.82,0.85,0.85,0.84,0.82,0.81,0.83,0.84,0.84,0.93,0.79,0.82,0.85,0.78,0.76,0.79,0.84,0.78,0.8213333333333335
FaceAll,0.9875739644970414,0.9881656804733728,0.9911242603550297,0.9923076923076924,0.9863905325443788,0.9863905325443788,0.9840236686390532,0.9863905325443788,0.9887573964497042,0.9923076923076924,0.985207100591716,0.9881656804733728,0.9923076923076924,0.9905325443786982,0.9887573964497042,0.9881656804733728,0.9893491124260356,0.991715976331361,0.9911242603550297,0.985207100591716,0.9881656804733728,0.9893491124260356,0.9840236686390532,0.9875739644970414,0.9893491124260356,0.9893491124260356,0.9863905325443788,0.9863905325443788,0.9911242603550297,0.98698224852071,0.9884220907297832
FacesUCR,0.9707317073170731,0.962439024390244,0.9653658536585366,0.948780487804878,0.9707317073170731,0.9765853658536584,0.9648780487804878,0.9707317073170731,0.9385365853658536,0.964390243902439,0.973170731707317,0.9678048780487803,0.9682926829268292,0.9697560975609756,0.9707317073170731,0.962439024390244,0.973170731707317,0.9760975609756096,0.9653658536585366,0.9765853658536584,0.9834146341463414,0.962439024390244,0.9497560975609756,0.9668292682926828,0.9546341463414634,0.973170731707317,0.9673170731707316,0.9760975609756096,0.9751219512195122,0.9629268292682926,0.9669430894308942
Computers,0.86,0.828,0.844,0.816,0.86,0.88,0.892,0.832,0.888,0.832,0.896,0.856,0.8,0.86,0.856,0.852,0.808,0.844,0.856,0.824,0.856,0.872,0.784,0.832,0.864,0.896,0.884,0.844,0.812,0.892,0.8506666666666669
Symbols,0.9396984924623116,0.8834170854271357,0.9728643216080402,0.9346733668341708,0.8733668341708543,0.9758793969849248,0.7457286432160805,0.9728643216080402,0.9487437185929648,0.971859296482412,0.8914572864321608,0.9195979899497488,0.9829145728643216,0.8984924623115578,0.9628140703517588,0.9678391959798996,0.893467336683417,0.9035175879396984,0.9045226130653268,0.8150753768844221,0.8522613065326633,0.9658291457286432,0.9195979899497488,0.9628140703517588,0.9045226130653268,0.8582914572864322,0.9316582914572864,0.8502512562814071,0.8824120603015075,0.9005025125628141,0.9128978224455612
Haptics,0.5584415584415584,0.5422077922077922,0.5974025974025974,0.4772727272727273,0.525974025974026,0.5941558441558441,0.5616883116883117,0.5324675324675324,0.5616883116883117,0.5162337662337663,0.5097402597402597,0.5292207792207793,0.4967532467532468,0.5194805194805194,0.4512987012987013,0.512987012987013,0.5032467532467533,0.4967532467532468,0.5162337662337663,0.5844155844155844,0.5064935064935064,0.538961038961039,0.5032467532467533,0.5422077922077922,0.564935064935065,0.5162337662337663,0.564935064935065,0.5454545454545454,0.5,0.5584415584415584,0.530952380952381
PigAirwayPressure,0.5144230769230769,0.5673076923076923,0.5480769230769231,0.5,0.6009615384615384,0.5625,0.4567307692307692,0.4663461538461538,0.5240384615384616,0.5384615384615384,0.5432692307692307,0.5769230769230769,0.4855769230769231,0.4423076923076923,0.5144230769230769,0.5384615384615384,0.5144230769230769,0.5096153846153846,0.5625,0.5144230769230769,0.5528846153846154,0.5480769230769231,0.5432692307692307,0.5144230769230769,0.5673076923076923,0.5432692307692307,0.5288461538461539,0.4182692307692308,0.4471153846153846,0.5,0.5214743589743589
PigCVP,0.6201923076923077,0.6153846153846154,0.6634615384615384,0.6875,0.6778846153846154,0.6778846153846154,0.6730769230769231,0.5576923076923077,0.6394230769230769,0.6730769230769231,0.7355769230769231,0.7163461538461539,0.6682692307692307,0.6490384615384616,0.6586538461538461,0.6634615384615384,0.7163461538461539,0.6634615384615384,0.6298076923076923,0.6586538461538461,0.6634615384615384,0.6298076923076923,0.6730769230769231,0.625,0.6730769230769231,0.7067307692307693,0.7211538461538461,0.6346153846153846,0.6442307692307693,0.6105769230769231,0.660897435897436
RefrigerationDevices,0.76,0.7413333333333333,0.7173333333333334,0.8,0.768,0.728,0.768,0.7333333333333333,0.7493333333333333,0.7386666666666667,0.7786666666666666,0.776,0.7466666666666667,0.7253333333333334,0.7706666666666667,0.76,0.712,0.7386666666666667,0.7706666666666667,0.7386666666666667,0.7653333333333333,0.7706666666666667,0.7093333333333334,0.7786666666666666,0.7466666666666667,0.7413333333333333,0.72,0.744,0.7466666666666667,0.728,0.7490666666666665
PigArtPressure,0.6875,0.6490384615384616,0.6875,0.75,0.8365384615384616,0.7596153846153846,0.7307692307692307,0.6682692307692307,0.75,0.7211538461538461,0.8509615384615384,0.8173076923076923,0.7355769230769231,0.7115384615384616,0.6971153846153846,0.7596153846153846,0.7451923076923077,0.7692307692307693,0.7019230769230769,0.6634615384615384,0.75,0.7740384615384616,0.7307692307692307,0.7403846153846154,0.7740384615384616,0.7788461538461539,0.75,0.6586538461538461,0.6923076923076923,0.7307692307692307,0.7357371794871794
ScreenType,0.6773333333333333,0.7253333333333334,0.688,0.7013333333333334,0.688,0.7066666666666667,0.6666666666666666,0.68,0.6693333333333333,0.688,0.6426666666666667,0.6586666666666666,0.664,0.6693333333333333,0.656,0.6853333333333333,0.6453333333333333,0.704,0.6426666666666667,0.672,0.6693333333333333,0.6773333333333333,0.672,0.7093333333333334,0.6773333333333333,0.656,0.64,0.6746666666666666,0.6613333333333333,0.6186666666666667,0.672888888888889
LargeKitchenAppliances,0.9386666666666666,0.9386666666666666,0.9306666666666666,0.928,0.9466666666666668,0.936,0.9466666666666668,0.96,0.9493333333333334,0.936,0.9466666666666668,0.944,0.9386666666666666,0.9333333333333332,0.9573333333333334,0.952,0.944,0.9546666666666668,0.9386666666666666,0.9253333333333332,0.9493333333333334,0.9333333333333332,0.9333333333333332,0.9493333333333334,0.9386666666666666,0.96,0.9493333333333334,0.9573333333333334,0.9546666666666668,0.9066666666666666,0.9425777777777778
InsectWingbeatSound,0.6545454545454545,0.6368686868686869,0.6575757575757576,0.6616161616161617,0.657070707070707,0.6606060606060606,0.657070707070707,0.6611111111111111,0.6686868686868687,0.6656565656565656,0.6803030303030303,0.657070707070707,0.6626262626262627,0.656060606060606,0.6525252525252525,0.6333333333333333,0.6535353535353535,0.6515151515151515,0.6464646464646465,0.6626262626262627,0.6676767676767676,0.647979797979798,0.6631313131313131,0.6404040404040404,0.6419191919191919,0.6535353535353535,0.6348484848484849,0.6515151515151515,0.6550505050505051,0.6434343434343435,0.6545454545454545
SmallKitchenAppliances,0.8186666666666667,0.824,0.816,0.8133333333333334,0.8106666666666666,0.856,0.8426666666666667,0.8373333333333334,0.7973333333333333,0.808,0.8533333333333334,0.8186666666666667,0.8106666666666666,0.8266666666666667,0.8133333333333334,0.8026666666666666,0.8133333333333334,0.8,0.8133333333333334,0.8293333333333334,0.7973333333333333,0.8693333333333333,0.8,0.832,0.8426666666666667,0.8026666666666666,0.8346666666666667,0.8506666666666667,0.8346666666666667,0.8106666666666666,0.8226666666666667
EOGHorizontalSignal,0.8535911602209945,0.8397790055248618,0.8646408839779005,0.856353591160221,0.8149171270718232,0.861878453038674,0.8756906077348067,0.8784530386740331,0.8784530386740331,0.8646408839779005,0.8895027624309392,0.8812154696132597,0.8784530386740331,0.8867403314917127,0.8591160220994475,0.8646408839779005,0.8729281767955801,0.8674033149171271,0.8397790055248618,0.8121546961325967,0.8453038674033149,0.8729281767955801,0.8535911602209945,0.8950276243093923,0.850828729281768,0.8674033149171271,0.8646408839779005,0.8812154696132597,0.8701657458563536,0.8674033149171271,0.8636279926335175
ShapesAll,0.9416666666666668,0.9466666666666668,0.9266666666666666,0.93,0.9133333333333332,0.9333333333333332,0.9633333333333334,0.9316666666666666,0.9516666666666668,0.9266666666666666,0.9533333333333334,0.9233333333333332,0.9283333333333332,0.9466666666666667,0.9316666666666666,0.9416666666666667,0.94,0.9333333333333333,0.94,0.93,0.9166666666666666,0.9466666666666667,0.9366666666666666,0.9233333333333333,0.94,0.9266666666666666,0.9233333333333333,0.9333333333333333,0.92,0.9433333333333334,0.9347777777777779
EOGVerticalSignal,0.8011049723756906,0.8259668508287292,0.7762430939226519,0.7845303867403315,0.7790055248618785,0.8314917127071824,0.8232044198895028,0.7983425414364641,0.8121546961325967,0.8093922651933702,0.7624309392265194,0.8314917127071824,0.8066298342541437,0.7734806629834254,0.8370165745856354,0.8121546961325967,0.8093922651933702,0.8370165745856354,0.7983425414364641,0.8121546961325967,0.8232044198895028,0.8204419889502762,0.8314917127071824,0.7817679558011049,0.8259668508287292,0.8093922651933702,0.8342541436464088,0.8204419889502762,0.8232044198895028,0.8093922651933702,0.810036832412523
FordB,0.928395061728395,0.9358024691358025,0.9271604938271605,0.9246913580246914,0.9222222222222223,0.945679012345679,0.9246913580246914,0.9333333333333333,0.9358024691358025,0.9320987654320988,0.9333333333333333,0.9296296296296296,0.928395061728395,0.9234567901234568,0.9333333333333333,0.9432098765432099,0.9345679012345679,0.9296296296296296,0.928395061728395,0.9419753086419753,0.9333333333333333,0.9382716049382716,0.9333333333333333,0.9358024691358025,0.9308641975308642,0.9382716049382716,0.9345679012345679,0.9222222222222223,0.937037037037037,0.9222222222222223,0.9320576131687244
Mallat,0.9744136460554371,0.9684434968017057,0.9701492537313433,0.915138592750533,0.9718550106609808,0.9701492537313433,0.9573560767590619,0.9130063965884861,0.9611940298507463,0.944136460554371,0.9667377398720682,0.9624733475479744,0.9543710021321962,0.9270788912579957,0.9560767590618336,0.9560767590618336,0.9718550106609808,0.9667377398720682,0.9505330490405117,0.9697228144989339,0.9159914712153518,0.9786780383795309,0.9398720682302771,0.9680170575692963,0.9680170575692963,0.9761194029850746,0.9791044776119403,0.9501066098081024,0.9637526652452025,0.9547974413646055,0.9573987206823027
SemgHandGenderCh2,0.9416666666666667,0.945,0.9416666666666667,0.9416666666666667,0.9433333333333334,0.9566666666666667,0.9333333333333333,0.935,0.935,0.96,0.945,0.9483333333333334,0.9366666666666666,0.945,0.945,0.9183333333333333,0.9483333333333334,0.9533333333333334,0.9366666666666666,0.935,0.9383333333333334,0.935,0.955,0.9433333333333334,0.9383333333333334,0.935,0.9433333333333334,0.9416666666666667,0.9266666666666666,0.945,0.9415555555555554
Wafer,0.9995133030499675,0.999675535366645,1.0,1.0,0.9998377676833226,0.9998377676833226,0.999675535366645,1.0,0.999675535366645,0.9998377676833226,1.0,0.999675535366645,0.9998377676833226,0.9993510707332901,1.0,0.9998377676833226,1.0,0.999675535366645,0.999675535366645,1.0,1.0,0.9998377676833226,0.999675535366645,0.9993510707332901,0.9998377676833226,0.999675535366645,0.999675535366645,0.999675535366645,0.9998377676833226,0.9995133030499675,0.9997728747566514
FreezerRegularTrain,0.9975438596491228,0.9992982456140351,1.0,0.9982456140350877,0.9982456140350877,0.9971929824561403,0.9975438596491228,0.9996491228070176,0.9950877192982456,0.9989473684210526,,,,,,,,,,,,,,,,,,,,,0.9981754385964912
UWaveGestureLibraryY,,,,,,,,,,,,,,,,,,,,,,,,,,,,,,,
Phoneme,,,,,,,,,,,,,,,,,,,,,,,,,,,,,,,
StarLightCurves,,,,,,,,,,,,,,,,,,,,,,,,,,,,,,,
UWaveGestureLibraryZ,,,,,,,,,,,,,,,,,,,,,,,,,,,,,,,
SemgHandMovementCh2,,,,,,,,,,,,,,,,,,,,,,,,,,,,,,,
CinCECGTorso,,,,,,,,,,,,,,,,,,,,,,,,,,,,,,,
UWaveGestureLibraryAll,,,,,,,,,,,,,,,,,,,,,,,,,,,,,,,
InlineSkate,,,,,,,,,,,,,,,,,,,,,,,,,,,,,,,
EthanolLevel,,,,,,,,,,,,,,,,,,,,,,,,,,,,,,,
Crop,,,,,,,,,,,,,,,,,,,,,,,,,,,,,,,
FreezerSmallTrain,,,,,,,,,,,,,,,,,,,,,,,,,,,,,,,
ChlorineConcentration,,,,,,,,,,,,,,,,,,,,,,,,,,,,,,,
TwoPatterns,,,,,,,,,,,,,,,,,,,,,,,,,,,,,,,
MixedShapesSmallTrain,,,,,,,,,,,,,,,,,,,,,,,,,,,,,,,
MixedShapesRegularTrain,,,,,,,,,,,,,,,,,,,,,,,,,,,,,,,
Yoga,,,,,,,,,,,,,,,,,,,,,,,,,,,,,,,
UWaveGestureLibraryX,,,,,,,,,,,,,,,,,,,,,,,,,,,,,,,
ECG5000,,,,,,,,,,,,,,,,,,,,,,,,,,,,,,,
FordA,,,,,,,,,,,,,,,,,,,,,,,,,,,,,,,
ElectricDevices,,,,,,,,,,,,,,,,,,,,,,,,,,,,,,,
SemgHandSubjectCh2,,,,,,,,,,,,,,,,,,,,,,,,,,,,,,,
